{
    "predict_bleu-4": 1.4201700000000002,
    "predict_rouge-1": 15.597209999999999,
    "predict_rouge-2": 1.26778,
    "predict_rouge-l": 6.89897,
    "predict_runtime": 9.9456,
    "predict_samples_per_second": 2.011,
    "predict_steps_per_second": 0.302
}