{
    "predict_bleu-4": 5.987948,
    "predict_rouge-1": 19.1171318,
    "predict_rouge-2": 5.9227652,
    "predict_rouge-l": 13.402321599999999,
    "predict_runtime": 218.1678,
    "predict_samples_per_second": 2.292,
    "predict_steps_per_second": 0.289
}